{
  "project_info": {
    "project_number": "674951664796",
    "project_id": "achievex-e3780",
    "storage_bucket": "achievex-e3780.appspot.com"
  },
  "client": [
    {
      "client_info": {
        "mobilesdk_app_id": "1:674951664796:android:f471db96dc577fba024959",
        "android_client_info": {
          "package_name": "com.app.achievex"
        }
      },
      "oauth_client": [],
      "api_key": [
        {
          "current_key": "AIzaSyBziakVRIh1CalZ7sxITWLNsTUeJaXGTcU"
        }
      ],
      "services": {
        "appinvite_service": {
          "other_platform_oauth_client": []
        }
      }
    }
  ],
  "configuration_version": "1"
}